hotel,member,checkout
Cedarbrook Lodge,Doc,2013-01-03
Cedarbrook Lodge,Doc,2013-02-06
Hotel Andra,Doc,2013-02-26
Hotel MAX,Doc,2013-03-26
The Edgewater,Doc,2013-03-05
The Edgewater,Doc,2012-09-02
The Edgewater,Doc,2012-10-22
The Murano,Doc,2012-06-15
Hotel Fifty,Doc,2012-08-15
Hotel Fifty,Doc,2013-03-15
The Governor,Doc,2012-07-12
Resort at the Mountain,Doc,2012-09-12
Resort at the Mountain,Doc,2012-05-29
Westin Seattle,Doc,2012-06-09
Westin Seattle,Doc,2012-11-09
Marriott Portland,Dopey,2012-06-02
Marriott Portland,Dopey,2012-07-02
Marriott Portland,Dopey,2012-08-02
Marriott Portland,Dopey,2012-09-02
Marriott Portland,Dopey,2012-10-02
Marriott Portland,Dopey,2012-11-02
Marriott Portland,Dopey,2012-12-02
Marriott Portland,Dopey,2013-01-02
Marriott Portland,Dopey,2013-02-2
Marriott Portland,Dopey,2013-03-02
Marriott Portland,Dopey,2013-04-02
Westin Seattle,Grumpy,2012-05-02
Cedarbrook Lodge,Grumpy,2012-06-02
Hotel Andra,Grumpy,2012-07-02
Hotel MAX,Grumpy,2012-08-02
The Edgewater,Grumpy,2012-09-02
The Murano,Grumpy,2012-10-02
Hotel Fifty,Grumpy,2012-11-02
The Governor,Grumpy,2012-12-02
Hotel deLuxe,Grumpy,2013-01-02
Hotel Lucia,Grumpy,2013-02-2
Resort at the Mountain,Grumpy,2013-03-02
Marriott Portland,Grumpy,2013-04-02
Westin Seattle,Happy,2012-05-02
Cedarbrook Lodge,Happy,2012-06-02
Hotel Andra,Happy,2012-07-02
Hotel MAX,Happy,2012-08-02
The Edgewater,Happy,2012-09-02
The Murano,Happy,2012-10-02
Hotel Fifty,Happy,2012-11-02
The Governor,Happy,2012-12-02
Hotel deLuxe,Happy,2013-01-02
Hotel Lucia,Happy,2013-02-2
Resort at the Mountain,Happy,2013-03-02
Marriott Portland,Happy,2013-04-02
Cedarbrook Lodge,Sleepy,2012-06-02
Cedarbrook Lodge,Sleepy,2012-07-02
Hotel Andra,Sleepy,2012-06-12
Hotel Andra,Sleepy,2012-07-22
Hotel Andra,Sleepy,2012-08-02
Hotel Andra,Sleepy,2012-08-23
Hotel Andra,Sleepy,2012-09-18
Hotel Andra,Sleepy,2012-10-02
Hotel Andra,Sleepy,2012-10-15
Hotel MAX,Sleepy,2012-11-12
Hotel MAX,Sleepy,2013-01-08
Hotel MAX,Sleepy,2013-01-29
Hotel MAX,Sleepy,2013-02-26
Cedarbrook Lodge,Sneezy,2012-05-02
Cedarbrook Lodge,Sneezy,2012-08-02
Cedarbrook Lodge,Sneezy,2012-08-19
Cedarbrook Lodge,Sneezy,2012-09-06
Cedarbrook Lodge,Sneezy,2012-09-16
Cedarbrook Lodge,Sneezy,2012-11-21
Cedarbrook Lodge,Sneezy,2012-12-02
Cedarbrook Lodge,Sneezy,2013-02-2
Cedarbrook Lodge,Sneezy,2013-02-21
Cedarbrook Lodge,Sneezy,2013-03-26
Marriott Portland,Sneezy,2012-06-26
Westin Seattle,Sneezy,2012-07-18
